url,page,type
https://pubmed.ncbi.nlm.nih.gov/40281325/,2,text
https://pubmed.ncbi.nlm.nih.gov/40281574/,2,text
https://pubmed.ncbi.nlm.nih.gov/40281804/,2,text
https://pubmed.ncbi.nlm.nih.gov/40281875/,2,text
https://pubmed.ncbi.nlm.nih.gov/40283087/,2,text
https://pubmed.ncbi.nlm.nih.gov/39884283/,3,text
https://pubmed.ncbi.nlm.nih.gov/39927928/,3,text
https://pubmed.ncbi.nlm.nih.gov/39947190/,3,text
https://pubmed.ncbi.nlm.nih.gov/39957059/,3,text
https://pubmed.ncbi.nlm.nih.gov/40009244/,3,text
https://pubmed.ncbi.nlm.nih.gov/40012844/,4,text
https://pubmed.ncbi.nlm.nih.gov/40275242/,4,text
https://pubmed.ncbi.nlm.nih.gov/40074560/,4,text
https://pubmed.ncbi.nlm.nih.gov/40122925/,4,text
https://pubmed.ncbi.nlm.nih.gov/40280481/,5,text
https://pubmed.ncbi.nlm.nih.gov/40284244/,5,text
https://pubmed.ncbi.nlm.nih.gov/40269465/,5,text
https://pubmed.ncbi.nlm.nih.gov/40273437/,5,text
https://pubmed.ncbi.nlm.nih.gov/40265109/,5,text
